,CustomerID,Preferred_Theme
0,CusID_9654,New_UI
1,CusID_9727,New_UI
2,CusID_7391,New_UI
3,CusID_8577,New_UI
4,CusID_8122,New_UI
5,CusID_6138,New_UI
6,CusID_114,New_UI
7,CusID_2654,New_UI
8,CusID_9381,New_UI
9,CusID_1541,New_UI
10,CusID_6607,New_UI
11,CusID_371,Old_UI
12,CusID_5504,New_UI
13,CusID_329,New_UI
14,CusID_9169,New_UI
15,CusID_7029,New_UI
16,CusID_2773,New_UI
17,CusID_2051,New_UI
18,CusID_7077,New_UI
19,CusID_9063,New_UI
20,CusID_6682,New_UI
21,CusID_1134,New_UI
22,CusID_4232,New_UI
23,CusID_2720,New_UI
24,CusID_951,New_UI
25,CusID_7457,New_UI
26,CusID_1655,Old_UI
27,CusID_7191,New_UI
28,CusID_9941,New_UI
29,CusID_3886,New_UI
30,CusID_8264,New_UI
31,CusID_9669,New_UI
32,CusID_3529,New_UI
33,CusID_4467,New_UI
34,CusID_7165,New_UI
35,CusID_863,New_UI
36,CusID_1553,New_UI
37,CusID_8602,New_UI
38,CusID_5056,New_UI
39,CusID_1583,New_UI
40,CusID_4198,New_UI
41,CusID_132,New_UI
42,CusID_5794,New_UI
43,CusID_8524,New_UI
44,CusID_9530,New_UI
45,CusID_3407,New_UI
46,CusID_7442,New_UI
47,CusID_4377,New_UI
48,CusID_1687,New_UI
49,CusID_9402,New_UI
50,CusID_9648,New_UI
51,CusID_7445,New_UI
53,CusID_3411,New_UI
54,CusID_5941,New_UI
55,CusID_9624,New_UI
56,CusID_1124,New_UI
57,CusID_2484,New_UI
58,CusID_4723,New_UI
59,CusID_7796,New_UI
60,CusID_8562,New_UI
61,CusID_1118,New_UI
62,CusID_4707,New_UI
63,CusID_8825,New_UI
64,CusID_6692,New_UI
65,CusID_4209,New_UI
66,CusID_9841,New_UI
67,CusID_9156,New_UI
68,CusID_2207,New_UI
69,CusID_8723,New_UI
70,CusID_706,New_UI
71,CusID_109,New_UI
72,CusID_2228,New_UI
73,CusID_5542,New_UI
74,CusID_4585,New_UI
75,CusID_5855,New_UI
76,CusID_9758,New_UI
77,CusID_6425,New_UI
78,CusID_4557,New_UI
79,CusID_8377,New_UI
81,CusID_1306,Old_UI
82,CusID_2306,New_UI
83,CusID_1940,New_UI
84,CusID_1241,Old_UI
85,CusID_7063,New_UI
86,CusID_7804,New_UI
87,CusID_9137,New_UI
88,CusID_6475,New_UI
89,CusID_189,New_UI
90,CusID_4423,New_UI
91,CusID_4961,New_UI
92,CusID_6921,New_UI
93,CusID_2660,New_UI
94,CusID_1681,New_UI
95,CusID_5723,New_UI
96,CusID_161,New_UI
97,CusID_6935,New_UI
98,CusID_9630,New_UI
99,CusID_5298,New_UI
100,CusID_5156,New_UI
101,CusID_7103,New_UI
102,CusID_9123,New_UI
103,CusID_9780,New_UI
104,CusID_4685,New_UI
106,CusID_7302,New_UI
107,CusID_7060,New_UI
108,CusID_5328,New_UI
109,CusID_6930,New_UI
110,CusID_7304,New_UI
111,CusID_6366,New_UI
112,CusID_2723,New_UI
113,CusID_9977,New_UI
114,CusID_4211,New_UI
115,CusID_4041,New_UI
116,CusID_1051,New_UI
118,CusID_1424,New_UI
119,CusID_4719,New_UI
120,CusID_5611,New_UI
121,CusID_8035,New_UI
122,CusID_9803,New_UI
123,CusID_869,New_UI
124,CusID_3127,New_UI
125,CusID_7787,New_UI
126,CusID_417,New_UI
127,CusID_3497,New_UI
128,CusID_4103,New_UI
129,CusID_2112,Old_UI
130,CusID_7271,New_UI
131,CusID_8289,New_UI
132,CusID_3780,New_UI
133,CusID_2081,New_UI
134,CusID_466,New_UI
135,CusID_4746,New_UI
136,CusID_4586,New_UI
137,CusID_7499,New_UI
138,CusID_9467,New_UI
139,CusID_7118,New_UI
140,CusID_6905,New_UI
141,CusID_7997,New_UI
142,CusID_9142,New_UI
144,CusID_5163,New_UI
145,CusID_5884,New_UI
146,CusID_8349,New_UI
147,CusID_6026,New_UI
148,CusID_464,New_UI
149,CusID_4766,New_UI
150,CusID_1303,New_UI
151,CusID_9705,New_UI
152,CusID_6005,New_UI
153,CusID_3018,New_UI
154,CusID_6861,New_UI
155,CusID_8996,New_UI
156,CusID_3135,Old_UI
157,CusID_6651,New_UI
158,CusID_9217,New_UI
159,CusID_8263,New_UI
160,CusID_8836,New_UI
161,CusID_5213,New_UI
162,CusID_3473,New_UI
163,CusID_3466,New_UI
164,CusID_5852,New_UI
165,CusID_3534,New_UI
166,CusID_2691,New_UI
167,CusID_3418,New_UI
168,CusID_219,New_UI
169,CusID_2379,New_UI
170,CusID_9129,New_UI
171,CusID_1772,New_UI
172,CusID_4056,New_UI
173,CusID_8413,New_UI
174,CusID_7138,New_UI
175,CusID_5604,New_UI
176,CusID_5100,New_UI
177,CusID_1325,Old_UI
178,CusID_2836,New_UI
179,CusID_6784,New_UI
180,CusID_8138,New_UI
181,CusID_5930,New_UI
182,CusID_3376,New_UI
183,CusID_4072,New_UI
184,CusID_8466,New_UI
185,CusID_2238,New_UI
186,CusID_3797,New_UI
187,CusID_831,New_UI
188,CusID_2025,Old_UI
189,CusID_8077,New_UI
190,CusID_3361,New_UI
191,CusID_7866,New_UI
192,CusID_9915,New_UI
193,CusID_9522,New_UI
194,CusID_5784,New_UI
195,CusID_8712,New_UI
196,CusID_9690,New_UI
197,CusID_2204,New_UI
198,CusID_1485,New_UI
199,CusID_1555,New_UI
200,CusID_8928,New_UI
201,CusID_1922,New_UI
202,CusID_7393,New_UI
203,CusID_3522,New_UI
204,CusID_5465,New_UI
206,CusID_9309,New_UI
207,CusID_4562,New_UI
208,CusID_5886,New_UI
209,CusID_8160,New_UI
210,CusID_5501,New_UI
211,CusID_9281,New_UI
212,CusID_8254,New_UI
213,CusID_3685,New_UI
214,CusID_7821,New_UI
215,CusID_8132,New_UI
216,CusID_8957,New_UI
217,CusID_6452,New_UI
218,CusID_7422,New_UI
219,CusID_7144,New_UI
220,CusID_5131,New_UI
221,CusID_4492,New_UI
222,CusID_6922,New_UI
223,CusID_7604,New_UI
224,CusID_4418,New_UI
225,CusID_8677,New_UI
226,CusID_5579,New_UI
227,CusID_3158,New_UI
228,CusID_6503,New_UI
229,CusID_8600,New_UI
230,CusID_2032,New_UI
231,CusID_8378,New_UI
232,CusID_7795,New_UI
233,CusID_7258,New_UI
234,CusID_510,New_UI
235,CusID_6967,New_UI
236,CusID_5613,New_UI
237,CusID_3948,New_UI
238,CusID_3761,New_UI
239,CusID_3738,New_UI
240,CusID_6140,New_UI
241,CusID_1012,New_UI
242,CusID_4,Old_UI
243,CusID_5109,New_UI
244,CusID_5377,New_UI
245,CusID_7016,New_UI
246,CusID_7887,New_UI
247,CusID_4061,New_UI
248,CusID_8790,New_UI
249,CusID_261,New_UI
250,CusID_7305,New_UI
251,CusID_8063,New_UI
252,CusID_9916,New_UI
253,CusID_225,New_UI
254,CusID_7627,New_UI
255,CusID_633,New_UI
256,CusID_7107,New_UI
257,CusID_3618,New_UI
258,CusID_3698,New_UI
259,CusID_2098,New_UI
260,CusID_3986,New_UI
261,CusID_254,New_UI
262,CusID_6153,New_UI
263,CusID_2644,New_UI
264,CusID_8636,New_UI
265,CusID_6369,New_UI
266,CusID_5627,New_UI
267,CusID_3074,New_UI
268,CusID_9270,New_UI
269,CusID_1750,New_UI
270,CusID_1565,Old_UI
271,CusID_6587,New_UI
272,CusID_9055,New_UI
273,CusID_760,New_UI
274,CusID_5028,New_UI
275,CusID_7541,New_UI
276,CusID_8515,New_UI
277,CusID_5026,New_UI
278,CusID_1087,Old_UI
279,CusID_4906,New_UI
280,CusID_701,New_UI
281,CusID_9182,New_UI
282,CusID_7873,New_UI
283,CusID_2201,New_UI
284,CusID_4487,New_UI
285,CusID_1137,New_UI
287,CusID_5976,New_UI
288,CusID_2065,New_UI
289,CusID_353,Old_UI
290,CusID_3949,New_UI
291,CusID_1878,New_UI
292,CusID_2163,New_UI
293,CusID_99,New_UI
294,CusID_8519,New_UI
295,CusID_8661,New_UI
296,CusID_3335,New_UI
297,CusID_1942,New_UI
298,CusID_4025,New_UI
299,CusID_6384,New_UI
300,CusID_3468,New_UI
301,CusID_8537,New_UI
302,CusID_1019,New_UI
303,CusID_9292,New_UI
304,CusID_834,New_UI
305,CusID_6104,New_UI
306,CusID_7534,New_UI
307,CusID_9439,New_UI
308,CusID_8470,New_UI
309,CusID_6124,New_UI
310,CusID_2009,New_UI
311,CusID_365,New_UI
312,CusID_1440,New_UI
313,CusID_1891,New_UI
314,CusID_9415,New_UI
315,CusID_5398,New_UI
316,CusID_5925,New_UI
317,CusID_3961,New_UI
318,CusID_2521,New_UI
319,CusID_159,New_UI
320,CusID_556,Old_UI
321,CusID_5477,New_UI
322,CusID_8947,New_UI
323,CusID_2803,New_UI
324,CusID_965,New_UI
325,CusID_9004,New_UI
326,CusID_376,New_UI
327,CusID_1972,New_UI
328,CusID_7111,New_UI
330,CusID_3503,New_UI
331,CusID_5184,New_UI
332,CusID_6761,New_UI
333,CusID_6915,New_UI
334,CusID_3367,New_UI
335,CusID_1437,New_UI
336,CusID_4958,New_UI
337,CusID_8603,New_UI
338,CusID_7898,New_UI
339,CusID_9106,New_UI
340,CusID_5363,New_UI
341,CusID_3274,New_UI
342,CusID_5889,New_UI
343,CusID_3117,New_UI
344,CusID_1991,New_UI
345,CusID_7472,New_UI
346,CusID_2028,New_UI
347,CusID_9250,New_UI
348,CusID_499,Old_UI
349,CusID_5576,New_UI
350,CusID_136,New_UI
351,CusID_3263,New_UI
352,CusID_7371,New_UI
353,CusID_1741,New_UI
354,CusID_3705,New_UI
355,CusID_5623,New_UI
356,CusID_5153,New_UI
357,CusID_1738,New_UI
358,CusID_2934,New_UI
359,CusID_4500,New_UI
360,CusID_1005,New_UI
361,CusID_6374,New_UI
362,CusID_8195,New_UI
363,CusID_1911,New_UI
364,CusID_9483,New_UI
365,CusID_4621,New_UI
366,CusID_9038,New_UI
367,CusID_7983,New_UI
368,CusID_7413,New_UI
369,CusID_964,New_UI
370,CusID_7356,New_UI
371,CusID_7010,New_UI
372,CusID_5891,New_UI
373,CusID_8845,New_UI
374,CusID_934,New_UI
375,CusID_116,Old_UI
376,CusID_4168,New_UI
377,CusID_7699,New_UI
378,CusID_4170,New_UI
379,CusID_2115,New_UI
380,CusID_176,New_UI
381,CusID_228,New_UI
382,CusID_2327,New_UI
383,CusID_4978,New_UI
384,CusID_4191,New_UI
385,CusID_8541,New_UI
386,CusID_3493,New_UI
387,CusID_2561,New_UI
388,CusID_4518,New_UI
389,CusID_133,New_UI
390,CusID_2404,New_UI
391,CusID_1015,New_UI
392,CusID_1818,New_UI
393,CusID_9611,New_UI
394,CusID_9071,New_UI
396,CusID_5431,New_UI
398,CusID_3927,New_UI
399,CusID_1498,New_UI
400,CusID_4405,New_UI
401,CusID_9628,New_UI
402,CusID_8708,New_UI
403,CusID_8023,New_UI
404,CusID_6877,New_UI
405,CusID_3679,New_UI
406,CusID_1183,New_UI
407,CusID_3234,New_UI
408,CusID_9866,New_UI
409,CusID_9886,New_UI
410,CusID_3370,New_UI
411,CusID_1954,New_UI
412,CusID_657,New_UI
414,CusID_3287,New_UI
415,CusID_2801,New_UI
416,CusID_1254,New_UI
417,CusID_2044,New_UI
418,CusID_6963,New_UI
419,CusID_2992,New_UI
420,CusID_1215,New_UI
421,CusID_1144,New_UI
422,CusID_17,New_UI
423,CusID_6130,New_UI
424,CusID_8041,New_UI
425,CusID_819,New_UI
426,CusID_8255,New_UI
427,CusID_6443,New_UI
428,CusID_7370,New_UI
429,CusID_2722,New_UI
430,CusID_180,New_UI
431,CusID_4505,New_UI
432,CusID_4254,New_UI
433,CusID_7836,New_UI
434,CusID_4099,New_UI
435,CusID_5016,New_UI
436,CusID_4945,New_UI
437,CusID_6887,New_UI
438,CusID_5286,New_UI
439,CusID_918,New_UI
440,CusID_1753,New_UI
441,CusID_5715,New_UI
442,CusID_6764,New_UI
443,CusID_5483,New_UI
444,CusID_3119,New_UI
445,CusID_5047,New_UI
446,CusID_5811,New_UI
447,CusID_5308,New_UI
448,CusID_4695,New_UI
449,CusID_8357,New_UI
450,CusID_8110,New_UI
451,CusID_9799,New_UI
452,CusID_8191,New_UI
453,CusID_7320,New_UI
454,CusID_6997,New_UI
455,CusID_1504,New_UI
456,CusID_322,Old_UI
457,CusID_1567,New_UI
458,CusID_1746,Old_UI
460,CusID_8929,New_UI
461,CusID_4224,New_UI
462,CusID_5820,New_UI
463,CusID_6670,New_UI
464,CusID_3958,New_UI
465,CusID_6105,New_UI
466,CusID_6923,New_UI
467,CusID_5933,New_UI
468,CusID_2736,New_UI
469,CusID_5987,New_UI
470,CusID_1551,New_UI
471,CusID_3071,New_UI
472,CusID_209,New_UI
473,CusID_3665,New_UI
475,CusID_198,New_UI
476,CusID_1123,New_UI
477,CusID_5453,New_UI
478,CusID_5637,New_UI
479,CusID_9925,New_UI
480,CusID_2752,New_UI
481,CusID_2631,New_UI
482,CusID_8304,New_UI
483,CusID_8145,New_UI
484,CusID_4839,New_UI
485,CusID_391,New_UI
486,CusID_8555,New_UI
487,CusID_5746,New_UI
488,CusID_9632,New_UI
489,CusID_3660,New_UI
490,CusID_2579,New_UI
491,CusID_7902,New_UI
492,CusID_245,New_UI
494,CusID_2742,New_UI
495,CusID_5684,New_UI
496,CusID_2548,New_UI
497,CusID_398,New_UI
498,CusID_6086,New_UI
499,CusID_2932,New_UI
500,CusID_8278,New_UI
501,CusID_5921,New_UI
502,CusID_3917,New_UI
503,CusID_2322,New_UI
504,CusID_888,New_UI
505,CusID_4335,New_UI
506,CusID_1899,New_UI
507,CusID_7508,New_UI
508,CusID_2554,New_UI
509,CusID_3028,New_UI
510,CusID_6730,New_UI
511,CusID_610,Old_UI
512,CusID_6822,New_UI
513,CusID_8598,New_UI
514,CusID_2264,New_UI
515,CusID_9670,New_UI
516,CusID_3404,New_UI
517,CusID_7921,New_UI
518,CusID_9418,New_UI
519,CusID_7055,New_UI
520,CusID_8084,New_UI
521,CusID_4351,New_UI
522,CusID_5445,New_UI
524,CusID_185,New_UI
525,CusID_9207,New_UI
526,CusID_5670,New_UI
527,CusID_2534,New_UI
528,CusID_7119,New_UI
529,CusID_7550,New_UI
530,CusID_4554,New_UI
531,CusID_87,New_UI
532,CusID_6934,New_UI
533,CusID_2463,New_UI
534,CusID_5763,New_UI
535,CusID_2250,New_UI
536,CusID_6436,New_UI
537,CusID_6209,New_UI
538,CusID_4182,New_UI
539,CusID_6946,New_UI
540,CusID_7694,New_UI
541,CusID_5555,New_UI
543,CusID_6646,New_UI
544,CusID_7008,New_UI
545,CusID_6817,New_UI
546,CusID_6617,New_UI
547,CusID_4461,New_UI
548,CusID_158,New_UI
549,CusID_3344,New_UI
550,CusID_8295,New_UI
552,CusID_9862,New_UI
553,CusID_6424,New_UI
554,CusID_6805,New_UI
555,CusID_8680,New_UI
556,CusID_4622,New_UI
557,CusID_3864,New_UI
558,CusID_6349,New_UI
559,CusID_1468,New_UI
560,CusID_9407,New_UI
561,CusID_7920,New_UI
562,CusID_1315,Old_UI
563,CusID_2308,New_UI
564,CusID_8989,New_UI
565,CusID_3251,New_UI
566,CusID_8777,New_UI
567,CusID_978,New_UI
568,CusID_3002,New_UI
569,CusID_5072,New_UI
570,CusID_4604,New_UI
571,CusID_9308,New_UI
572,CusID_2908,New_UI
573,CusID_3399,New_UI
574,CusID_6994,New_UI
576,CusID_5048,New_UI
577,CusID_7556,New_UI
578,CusID_5828,New_UI
579,CusID_3082,New_UI
580,CusID_5462,New_UI
581,CusID_7483,New_UI
582,CusID_7946,New_UI
583,CusID_3726,New_UI
584,CusID_4631,New_UI
585,CusID_1271,New_UI
586,CusID_1730,New_UI
587,CusID_7549,New_UI
588,CusID_3934,New_UI
589,CusID_8617,New_UI
591,CusID_1691,New_UI
592,CusID_439,New_UI
593,CusID_7719,New_UI
594,CusID_5720,New_UI
595,CusID_2198,New_UI
596,CusID_6825,New_UI
597,CusID_7072,New_UI
598,CusID_2407,New_UI
599,CusID_7762,New_UI
600,CusID_5209,New_UI
601,CusID_7776,New_UI
602,CusID_8755,New_UI
603,CusID_3964,New_UI
604,CusID_5032,New_UI
605,CusID_1720,New_UI
606,CusID_7828,New_UI
607,CusID_1748,New_UI
608,CusID_8309,New_UI
609,CusID_8233,New_UI
610,CusID_2970,New_UI
611,CusID_3957,New_UI
612,CusID_6713,New_UI
613,CusID_2360,New_UI
615,CusID_7594,New_UI
616,CusID_4160,New_UI
617,CusID_8924,New_UI
618,CusID_6810,New_UI
619,CusID_1385,New_UI
620,CusID_3487,New_UI
621,CusID_7968,New_UI
622,CusID_3538,New_UI
623,CusID_4131,New_UI
624,CusID_511,New_UI
625,CusID_2487,New_UI
626,CusID_5975,New_UI
627,CusID_8699,New_UI
628,CusID_1570,New_UI
629,CusID_2606,New_UI
630,CusID_5283,New_UI
631,CusID_4468,New_UI
632,CusID_4615,New_UI
633,CusID_7444,New_UI
634,CusID_2656,New_UI
635,CusID_8373,New_UI
636,CusID_5837,New_UI
637,CusID_6225,New_UI
638,CusID_5234,New_UI
639,CusID_1627,New_UI
640,CusID_6990,New_UI
641,CusID_5037,New_UI
642,CusID_9504,New_UI
643,CusID_3931,New_UI
644,CusID_518,Old_UI
645,CusID_975,New_UI
646,CusID_635,New_UI
647,CusID_4527,New_UI
649,CusID_3038,New_UI
650,CusID_1119,New_UI
651,CusID_4581,New_UI
652,CusID_6720,New_UI
653,CusID_4292,New_UI
654,CusID_1514,New_UI
655,CusID_1143,New_UI
656,CusID_3248,New_UI
657,CusID_9478,New_UI
658,CusID_5468,New_UI
659,CusID_6304,New_UI
661,CusID_5111,New_UI
662,CusID_4374,New_UI
663,CusID_111,New_UI
664,CusID_8234,New_UI
665,CusID_9073,New_UI
666,CusID_6691,New_UI
667,CusID_8392,New_UI
668,CusID_8509,New_UI
669,CusID_3871,New_UI
670,CusID_9919,New_UI
671,CusID_3444,New_UI
672,CusID_9363,New_UI
673,CusID_5079,New_UI
674,CusID_8047,New_UI
675,CusID_5959,New_UI
676,CusID_3356,New_UI
677,CusID_3036,New_UI
678,CusID_8369,New_UI
679,CusID_1800,New_UI
680,CusID_9647,New_UI
681,CusID_6896,New_UI
682,CusID_312,Old_UI
683,CusID_9973,New_UI
684,CusID_6486,New_UI
685,CusID_5586,New_UI
686,CusID_8323,New_UI
687,CusID_3912,New_UI
688,CusID_2386,Old_UI
689,CusID_4526,New_UI
690,CusID_183,New_UI
691,CusID_1204,New_UI
692,CusID_6787,New_UI
693,CusID_1462,New_UI
695,CusID_6421,New_UI
696,CusID_6961,New_UI
697,CusID_5489,New_UI
698,CusID_4639,New_UI
699,CusID_2283,New_UI
700,CusID_8301,New_UI
701,CusID_8199,New_UI
703,CusID_5907,New_UI
704,CusID_631,New_UI
705,CusID_2297,New_UI
706,CusID_5141,New_UI
707,CusID_7198,New_UI
708,CusID_97,New_UI
709,CusID_5479,New_UI
710,CusID_9173,New_UI
711,CusID_9031,New_UI
712,CusID_7607,New_UI
713,CusID_1159,New_UI
714,CusID_3354,New_UI
715,CusID_9940,New_UI
716,CusID_2847,New_UI
718,CusID_9029,New_UI
719,CusID_6588,New_UI
720,CusID_8815,New_UI
721,CusID_6356,New_UI
722,CusID_5360,New_UI
723,CusID_1211,New_UI
724,CusID_6345,New_UI
725,CusID_2938,New_UI
726,CusID_5384,New_UI
727,CusID_3821,New_UI
728,CusID_4481,New_UI
729,CusID_9545,New_UI
730,CusID_2700,New_UI
731,CusID_5898,New_UI
732,CusID_612,New_UI
733,CusID_7162,New_UI
734,CusID_3812,New_UI
735,CusID_7190,New_UI
736,CusID_54,New_UI
737,CusID_6097,New_UI
738,CusID_6294,New_UI
739,CusID_5265,New_UI
740,CusID_4881,New_UI
742,CusID_1127,New_UI
743,CusID_2778,New_UI
744,CusID_8467,New_UI
745,CusID_6496,New_UI
746,CusID_3307,New_UI
747,CusID_6092,New_UI
748,CusID_9523,New_UI
749,CusID_9086,New_UI
750,CusID_4219,New_UI
751,CusID_9005,New_UI
752,CusID_7342,New_UI
753,CusID_9667,New_UI
754,CusID_3697,New_UI
755,CusID_6710,New_UI
756,CusID_8988,New_UI
757,CusID_6551,New_UI
758,CusID_9882,New_UI
759,CusID_756,New_UI
760,CusID_653,New_UI
761,CusID_5193,New_UI
762,CusID_4922,New_UI
763,CusID_2590,New_UI
764,CusID_7121,New_UI
765,CusID_4563,New_UI
766,CusID_7427,New_UI
767,CusID_3687,New_UI
768,CusID_7688,New_UI
769,CusID_714,New_UI
770,CusID_4337,New_UI
771,CusID_3777,New_UI
772,CusID_1883,New_UI
773,CusID_8843,New_UI
774,CusID_4736,New_UI
775,CusID_5825,New_UI
776,CusID_9081,New_UI
777,CusID_4233,New_UI
778,CusID_6909,New_UI
779,CusID_5415,New_UI
780,CusID_4716,New_UI
781,CusID_3456,New_UI
782,CusID_9717,New_UI
783,CusID_4997,New_UI
784,CusID_1130,New_UI
785,CusID_7373,New_UI
786,CusID_9334,New_UI
787,CusID_7468,New_UI
788,CusID_3398,New_UI
789,CusID_3021,New_UI
790,CusID_5273,New_UI
791,CusID_5110,New_UI
792,CusID_164,New_UI
793,CusID_8104,New_UI
794,CusID_2123,New_UI
795,CusID_1305,Old_UI
796,CusID_5461,New_UI
797,CusID_765,Old_UI
798,CusID_9322,New_UI
799,CusID_8415,New_UI
800,CusID_9328,New_UI
801,CusID_2866,New_UI
802,CusID_3111,New_UI
803,CusID_7337,New_UI
804,CusID_2820,New_UI
805,CusID_8819,New_UI
806,CusID_2655,New_UI
807,CusID_8992,New_UI
808,CusID_8057,New_UI
809,CusID_7779,New_UI
811,CusID_1670,New_UI
812,CusID_8331,New_UI
813,CusID_2513,New_UI
815,CusID_3694,New_UI
816,CusID_4027,New_UI
817,CusID_1372,New_UI
818,CusID_844,New_UI
819,CusID_4150,New_UI
820,CusID_8930,New_UI
821,CusID_2018,New_UI
822,CusID_3851,New_UI
823,CusID_9139,New_UI
824,CusID_6672,New_UI
825,CusID_8253,New_UI
826,CusID_7781,New_UI
827,CusID_9289,New_UI
828,CusID_5969,New_UI
829,CusID_129,New_UI
830,CusID_6180,New_UI
831,CusID_8725,New_UI
832,CusID_2408,New_UI
833,CusID_1544,Old_UI
835,CusID_7408,New_UI
836,CusID_3486,New_UI
837,CusID_4772,New_UI
838,CusID_6219,New_UI
839,CusID_7353,New_UI
840,CusID_4672,New_UI
842,CusID_7374,New_UI
843,CusID_6263,New_UI
844,CusID_8317,New_UI
845,CusID_8484,New_UI
846,CusID_5086,New_UI
847,CusID_3442,New_UI
848,CusID_2432,Old_UI
849,CusID_1078,New_UI
850,CusID_2138,New_UI
851,CusID_2266,New_UI
852,CusID_9333,New_UI
853,CusID_7407,New_UI
854,CusID_66,Old_UI
855,CusID_7308,New_UI
856,CusID_921,New_UI
857,CusID_1326,New_UI
858,CusID_5899,New_UI
859,CusID_8060,New_UI
860,CusID_1160,Old_UI
861,CusID_8091,New_UI
862,CusID_2401,New_UI
863,CusID_6305,New_UI
864,CusID_2409,New_UI
865,CusID_8409,New_UI
866,CusID_338,New_UI
867,CusID_3801,New_UI
868,CusID_1048,New_UI
869,CusID_8567,New_UI
870,CusID_3240,New_UI
871,CusID_5015,New_UI
872,CusID_8858,New_UI
873,CusID_7106,New_UI
874,CusID_6619,New_UI
875,CusID_1534,New_UI
876,CusID_4655,New_UI
877,CusID_6798,New_UI
878,CusID_931,New_UI
879,CusID_3184,New_UI
880,CusID_7261,New_UI
881,CusID_4947,New_UI
882,CusID_1890,New_UI
884,CusID_6938,New_UI
885,CusID_2231,New_UI
886,CusID_4154,New_UI
887,CusID_9371,New_UI
888,CusID_6657,New_UI
889,CusID_1537,New_UI
890,CusID_8770,New_UI
891,CusID_4724,New_UI
892,CusID_9775,New_UI
893,CusID_8025,New_UI
894,CusID_9761,New_UI
895,CusID_8423,New_UI
896,CusID_1781,New_UI
897,CusID_9183,New_UI
898,CusID_3035,New_UI
900,CusID_2745,Old_UI
901,CusID_6083,New_UI
902,CusID_4166,New_UI
903,CusID_1314,New_UI
904,CusID_5463,New_UI
905,CusID_8259,New_UI
906,CusID_6291,New_UI
907,CusID_4429,New_UI
908,CusID_2637,New_UI
909,CusID_7511,New_UI
910,CusID_6439,New_UI
911,CusID_8220,New_UI
912,CusID_4790,New_UI
913,CusID_4199,New_UI
914,CusID_1227,New_UI
915,CusID_3579,New_UI
916,CusID_8416,New_UI
917,CusID_1699,New_UI
918,CusID_872,Old_UI
919,CusID_2848,New_UI
920,CusID_4817,New_UI
921,CusID_1429,New_UI
922,CusID_4470,New_UI
923,CusID_8950,New_UI
924,CusID_206,New_UI
925,CusID_1425,New_UI
926,CusID_3717,New_UI
927,CusID_4332,New_UI
928,CusID_4909,New_UI
929,CusID_2415,New_UI
930,CusID_1220,New_UI
932,CusID_9830,New_UI
933,CusID_9956,New_UI
935,CusID_6461,New_UI
936,CusID_6033,New_UI
938,CusID_2212,New_UI
939,CusID_7495,New_UI
940,CusID_1416,New_UI
941,CusID_3423,New_UI
942,CusID_1807,New_UI
943,CusID_1970,New_UI
944,CusID_1450,New_UI
945,CusID_9798,New_UI
946,CusID_1307,New_UI
947,CusID_4017,New_UI
948,CusID_8051,New_UI
949,CusID_7985,New_UI
950,CusID_9585,New_UI
951,CusID_4756,New_UI
952,CusID_8223,New_UI
953,CusID_4676,New_UI
954,CusID_4312,New_UI
955,CusID_5645,New_UI
956,CusID_9339,New_UI
957,CusID_4502,New_UI
958,CusID_5598,New_UI
959,CusID_5101,New_UI
960,CusID_5502,New_UI
961,CusID_2358,New_UI
962,CusID_7774,New_UI
963,CusID_3956,New_UI
964,CusID_853,New_UI
965,CusID_4525,New_UI
966,CusID_3846,New_UI
967,CusID_9736,New_UI
969,CusID_4201,New_UI
970,CusID_4060,New_UI
971,CusID_7867,New_UI
972,CusID_1581,New_UI
973,CusID_644,New_UI
974,CusID_246,Old_UI
975,CusID_4705,New_UI
976,CusID_8854,New_UI
977,CusID_4941,New_UI
978,CusID_5632,New_UI
979,CusID_8984,New_UI
980,CusID_1900,New_UI
981,CusID_8991,New_UI
982,CusID_5353,New_UI
983,CusID_7676,New_UI
984,CusID_2164,New_UI
985,CusID_2576,New_UI
986,CusID_769,Old_UI
987,CusID_2502,New_UI
988,CusID_9975,New_UI
989,CusID_8553,New_UI
990,CusID_2735,Old_UI
991,CusID_8007,New_UI
992,CusID_3688,New_UI
993,CusID_2213,New_UI
994,CusID_4297,New_UI
995,CusID_3918,New_UI
996,CusID_3546,New_UI
997,CusID_6000,New_UI
998,CusID_9769,New_UI
999,CusID_1089,New_UI
1000,CusID_4186,New_UI
1001,CusID_2904,New_UI
1003,CusID_9698,New_UI
1004,CusID_4503,New_UI
1005,CusID_5940,New_UI
1006,CusID_7230,New_UI
1007,CusID_6727,New_UI
1008,CusID_8800,New_UI
1009,CusID_2453,New_UI
1010,CusID_8386,New_UI
1011,CusID_9053,New_UI
1012,CusID_8009,New_UI
1013,CusID_8107,New_UI
1014,CusID_5267,New_UI
1015,CusID_331,New_UI
1016,CusID_2870,New_UI
1017,CusID_4210,New_UI
1018,CusID_9683,New_UI
1019,CusID_6117,New_UI
1020,CusID_9657,New_UI
1021,CusID_3079,New_UI
1022,CusID_2217,New_UI
1023,CusID_2628,New_UI
1024,CusID_9032,New_UI
1025,CusID_536,New_UI
1026,CusID_5160,New_UI
1027,CusID_5416,New_UI
1028,CusID_7127,New_UI
1029,CusID_9229,New_UI
1030,CusID_3588,New_UI
1031,CusID_4975,New_UI
1033,CusID_8747,New_UI
1034,CusID_860,New_UI
1035,CusID_7503,New_UI
1036,CusID_6854,New_UI
1037,CusID_5498,New_UI
1038,CusID_8513,New_UI
1039,CusID_7268,New_UI
1040,CusID_6430,New_UI
1041,CusID_156,New_UI
1042,CusID_4334,New_UI
1043,CusID_8525,New_UI
1044,CusID_1786,New_UI
1045,CusID_6038,New_UI
1046,CusID_6976,New_UI
1047,CusID_7341,New_UI
1048,CusID_9047,New_UI
1049,CusID_4446,New_UI
1050,CusID_9164,New_UI
1051,CusID_2890,New_UI
1052,CusID_3084,New_UI
1053,CusID_4989,New_UI
1054,CusID_1133,New_UI
1055,CusID_7177,New_UI
1056,CusID_9442,New_UI
1057,CusID_9186,New_UI
1058,CusID_7116,New_UI
1059,CusID_9548,New_UI
1060,CusID_7533,New_UI
1061,CusID_4059,New_UI
1062,CusID_1390,New_UI
1063,CusID_3430,New_UI
1064,CusID_83,New_UI
1065,CusID_2150,New_UI
1066,CusID_1268,New_UI
1067,CusID_1962,New_UI
1068,CusID_1403,New_UI
1069,CusID_1417,New_UI
1070,CusID_3115,Old_UI
1071,CusID_5350,New_UI
1072,CusID_3776,New_UI
1073,CusID_5700,New_UI
1074,CusID_2045,New_UI
1075,CusID_2832,New_UI
1076,CusID_248,New_UI
1077,CusID_9254,New_UI
1078,CusID_7492,New_UI
1079,CusID_3810,New_UI
1080,CusID_1020,Old_UI
1081,CusID_3798,New_UI
1082,CusID_4329,New_UI
1083,CusID_473,New_UI
1084,CusID_9934,New_UI
1085,CusID_2295,Old_UI
1086,CusID_2815,New_UI
1087,CusID_9927,New_UI
1088,CusID_6340,New_UI
1089,CusID_8962,New_UI
1090,CusID_2249,New_UI
1091,CusID_3088,New_UI
1092,CusID_7437,New_UI
1093,CusID_4477,New_UI
1094,CusID_3953,New_UI
1095,CusID_9178,New_UI
1096,CusID_8134,New_UI
1097,CusID_8242,New_UI
1098,CusID_7964,New_UI
1099,CusID_4544,New_UI
1100,CusID_6886,New_UI
1101,CusID_7415,New_UI
1102,CusID_4145,New_UI
1103,CusID_720,Old_UI
1104,CusID_2943,New_UI
1106,CusID_6623,New_UI
1107,CusID_7555,New_UI
1108,CusID_163,New_UI
1110,CusID_5557,New_UI
1111,CusID_4257,New_UI
1112,CusID_6267,New_UI
1113,CusID_372,New_UI
1114,CusID_4849,New_UI
1115,CusID_4552,New_UI
1116,CusID_738,New_UI
1117,CusID_4616,New_UI
1118,CusID_8885,New_UI
1119,CusID_641,Old_UI
1120,CusID_409,Old_UI
1121,CusID_2284,New_UI
1122,CusID_141,New_UI
1123,CusID_6266,New_UI
1125,CusID_2989,New_UI
1126,CusID_7476,New_UI
1128,CusID_1156,New_UI
1129,CusID_8560,New_UI
1130,CusID_8609,New_UI
1131,CusID_3915,New_UI
1132,CusID_7095,New_UI
1133,CusID_9609,New_UI
1134,CusID_3587,New_UI
1135,CusID_9455,New_UI
1136,CusID_1081,Old_UI
1137,CusID_591,New_UI
1138,CusID_7971,New_UI
1139,CusID_726,New_UI
1140,CusID_9040,New_UI
1141,CusID_8520,New_UI
1142,CusID_5532,New_UI
1143,CusID_2633,New_UI
1144,CusID_9249,New_UI
1145,CusID_4029,New_UI
1146,CusID_7637,New_UI
1147,CusID_4962,New_UI
1148,CusID_5001,New_UI
1149,CusID_7187,New_UI
1150,CusID_5704,New_UI
1151,CusID_6429,New_UI
1152,CusID_2675,New_UI
1153,CusID_4310,New_UI
1154,CusID_7433,New_UI
1155,CusID_8741,New_UI
1156,CusID_3714,New_UI
1157,CusID_9282,New_UI
1158,CusID_1350,New_UI
1159,CusID_9193,New_UI
1160,CusID_1651,New_UI
1161,CusID_9238,New_UI
1162,CusID_9682,New_UI
1163,CusID_3548,New_UI
1164,CusID_270,New_UI
1166,CusID_6499,New_UI
1167,CusID_2585,Old_UI
1168,CusID_8464,New_UI
1169,CusID_7105,New_UI
1170,CusID_7517,New_UI
1171,CusID_9876,New_UI
1173,CusID_4030,New_UI
1174,CusID_3850,New_UI
1175,CusID_9214,New_UI
1176,CusID_426,New_UI
1177,CusID_550,New_UI
1178,CusID_5603,New_UI
1179,CusID_5865,New_UI
1180,CusID_9037,New_UI
1181,CusID_9,New_UI
1182,CusID_2724,New_UI
1183,CusID_6363,New_UI
1184,CusID_5988,New_UI
1185,CusID_6169,New_UI
1186,CusID_1008,New_UI
1187,CusID_330,New_UI
1188,CusID_9072,New_UI
1189,CusID_9094,New_UI
1190,CusID_190,New_UI
1191,CusID_9580,New_UI
1192,CusID_490,New_UI
1193,CusID_3943,New_UI
1194,CusID_423,New_UI
1195,CusID_9731,New_UI
1196,CusID_7000,New_UI
1197,CusID_3148,New_UI
1198,CusID_5666,New_UI
1199,CusID_8248,New_UI
1201,CusID_5827,New_UI
1202,CusID_2804,New_UI
1203,CusID_9058,New_UI
1204,CusID_4861,New_UI
1205,CusID_9518,New_UI
1206,CusID_106,Old_UI
1207,CusID_1978,New_UI
1208,CusID_4316,New_UI
1209,CusID_3924,New_UI
1210,CusID_4456,New_UI
1211,CusID_96,New_UI
1212,CusID_6022,New_UI
1213,CusID_487,Old_UI
1214,CusID_3174,New_UI
1215,CusID_1006,New_UI
1216,CusID_6251,New_UI
1217,CusID_5863,New_UI
1218,CusID_4427,New_UI
1219,CusID_2130,New_UI
1220,CusID_5440,New_UI
1221,CusID_6630,New_UI
1222,CusID_9583,New_UI
1223,CusID_4981,New_UI
1225,CusID_341,New_UI
1226,CusID_6597,New_UI
1227,CusID_2994,New_UI
1228,CusID_4207,New_UI
1229,CusID_2947,New_UI
1230,CusID_3380,New_UI
1232,CusID_2430,New_UI
1233,CusID_6706,New_UI
1234,CusID_3676,New_UI
1235,CusID_4761,New_UI
1236,CusID_7797,New_UI
1237,CusID_567,New_UI
1238,CusID_4896,New_UI
1239,CusID_573,New_UI
1240,CusID_6352,New_UI
1241,CusID_5566,New_UI
1242,CusID_6274,New_UI
1243,CusID_786,New_UI
1244,CusID_9694,New_UI
1245,CusID_4122,New_UI
1246,CusID_3270,New_UI
1247,CusID_9826,New_UI
1248,CusID_5038,New_UI
1249,CusID_4032,New_UI
1250,CusID_2224,New_UI
1251,CusID_442,New_UI
1252,CusID_545,Old_UI
1253,CusID_3226,New_UI
1254,CusID_1833,New_UI
1255,CusID_3572,New_UI
1256,CusID_4475,New_UI
1257,CusID_1071,New_UI
1258,CusID_8307,New_UI
1259,CusID_8387,New_UI
1260,CusID_3097,New_UI
1261,CusID_9877,New_UI
1262,CusID_9722,New_UI
1263,CusID_2620,New_UI
1264,CusID_1055,Old_UI
1265,CusID_2241,New_UI
1266,CusID_4690,New_UI
1267,CusID_5323,New_UI
1268,CusID_9911,New_UI
1269,CusID_4729,New_UI
1270,CusID_2236,New_UI
1271,CusID_3244,New_UI
1272,CusID_3408,New_UI
1273,CusID_7939,New_UI
1274,CusID_5092,New_UI
1275,CusID_9067,New_UI
1276,CusID_4355,New_UI
1277,CusID_5439,New_UI
1278,CusID_747,New_UI
1279,CusID_972,New_UI
1280,CusID_6765,New_UI
1281,CusID_553,New_UI
1282,CusID_7254,New_UI
1283,CusID_603,New_UI
1284,CusID_8678,New_UI
1285,CusID_4964,New_UI
1286,CusID_5840,New_UI
1287,CusID_8639,New_UI
1288,CusID_403,New_UI
1289,CusID_3875,New_UI
1290,CusID_9954,New_UI
1291,CusID_6585,New_UI
1292,CusID_8010,New_UI
1293,CusID_6739,New_UI
1294,CusID_9279,New_UI
1295,CusID_452,New_UI
1296,CusID_4388,New_UI
1297,CusID_4858,New_UI
1298,CusID_7910,New_UI
1299,CusID_3835,New_UI
1300,CusID_9197,New_UI
1301,CusID_7815,New_UI
1302,CusID_3983,New_UI
1303,CusID_7786,New_UI
1304,CusID_7210,New_UI
1305,CusID_9346,New_UI
1307,CusID_3547,New_UI
1308,CusID_9209,New_UI
1309,CusID_8174,New_UI
1310,CusID_7844,New_UI
1311,CusID_1206,New_UI
1312,CusID_7490,New_UI
1313,CusID_9370,New_UI
1314,CusID_1192,New_UI
1315,CusID_1169,New_UI
1316,CusID_9952,New_UI
1317,CusID_8167,New_UI
1318,CusID_4960,New_UI
1319,CusID_2743,New_UI
1320,CusID_570,New_UI
1321,CusID_8615,New_UI
1322,CusID_707,New_UI
1323,CusID_9497,New_UI
1324,CusID_8353,New_UI
1325,CusID_6119,New_UI
1326,CusID_4391,New_UI
1327,CusID_7446,New_UI
1328,CusID_9391,New_UI
1329,CusID_6716,New_UI
1330,CusID_9708,New_UI
1331,CusID_2833,New_UI
1332,CusID_1077,New_UI
1333,CusID_2183,New_UI
1334,CusID_5217,New_UI
1335,CusID_6158,New_UI
1336,CusID_2239,New_UI
1337,CusID_1562,New_UI
1338,CusID_928,New_UI
1339,CusID_8014,New_UI
1340,CusID_6553,New_UI
1341,CusID_3539,New_UI
1342,CusID_7799,New_UI
1344,CusID_2553,New_UI
1345,CusID_9304,New_UI
1346,CusID_636,New_UI
1347,CusID_6680,New_UI
1348,CusID_8961,New_UI
1349,CusID_3500,New_UI
1350,CusID_2066,New_UI
1351,CusID_4714,New_UI
1352,CusID_5469,New_UI
1353,CusID_5272,New_UI
1354,CusID_2454,New_UI
1355,CusID_9875,New_UI
1356,CusID_4403,New_UI
1357,CusID_7479,New_UI
1358,CusID_2839,New_UI
1359,CusID_9984,New_UI
1360,CusID_2288,New_UI
1361,CusID_8666,New_UI
1362,CusID_7431,New_UI
1363,CusID_5651,New_UI
1364,CusID_9171,New_UI
1365,CusID_588,New_UI
1366,CusID_7061,New_UI
1367,CusID_9521,New_UI
1368,CusID_3029,New_UI
1369,CusID_7908,New_UI
1370,CusID_4493,New_UI
1371,CusID_2464,New_UI
1372,CusID_1989,New_UI
1373,CusID_8031,New_UI
1374,CusID_6842,New_UI
1375,CusID_1447,New_UI
1376,CusID_1145,Old_UI
1377,CusID_4583,New_UI
1378,CusID_6813,New_UI
1379,CusID_6019,New_UI
1380,CusID_2090,New_UI
1381,CusID_7570,New_UI
1382,CusID_5663,New_UI
1383,CusID_2909,New_UI
1384,CusID_1099,Old_UI
1385,CusID_3644,New_UI
1386,CusID_9899,New_UI
1387,CusID_4929,New_UI
1388,CusID_1484,Old_UI
1389,CusID_4795,New_UI
1390,CusID_7021,New_UI
1392,CusID_5505,New_UI
1393,CusID_5014,New_UI
1394,CusID_7298,New_UI
1395,CusID_9168,New_UI
1396,CusID_2789,New_UI
1397,CusID_7895,New_UI
1398,CusID_8203,New_UI
1399,CusID_2543,New_UI
1400,CusID_3310,New_UI
1401,CusID_6753,New_UI
1402,CusID_5776,New_UI
1403,CusID_2837,New_UI
1404,CusID_8523,New_UI
1405,CusID_1685,Old_UI
1406,CusID_7959,New_UI
1407,CusID_5511,New_UI
1408,CusID_5008,New_UI
1409,CusID_3684,New_UI
1410,CusID_5071,New_UI
1411,CusID_1210,Old_UI
1412,CusID_3339,New_UI
1413,CusID_480,New_UI
1414,CusID_549,New_UI
1415,CusID_6132,New_UI
1416,CusID_5515,New_UI
1417,CusID_2188,New_UI
1418,CusID_1266,New_UI
1419,CusID_5669,New_UI
1420,CusID_5402,New_UI
1421,CusID_2272,New_UI
1422,CusID_8451,New_UI
1423,CusID_998,New_UI
1424,CusID_2765,New_UI
1425,CusID_214,New_UI
1426,CusID_7004,New_UI
1427,CusID_9460,New_UI
1428,CusID_4619,New_UI
1429,CusID_441,New_UI
1430,CusID_8713,New_UI
1431,CusID_8179,New_UI
1432,CusID_8083,New_UI
1433,CusID_386,New_UI
1434,CusID_891,New_UI
1435,CusID_4733,New_UI
1436,CusID_4521,New_UI
1437,CusID_623,Old_UI
1438,CusID_728,New_UI
1439,CusID_7174,New_UI
1440,CusID_4381,New_UI
1441,CusID_9161,New_UI
1442,CusID_4482,New_UI
1443,CusID_8441,New_UI
1444,CusID_6808,New_UI
1445,CusID_5099,New_UI
1446,CusID_3414,New_UI
1447,CusID_6515,New_UI
1448,CusID_3401,New_UI
1449,CusID_2478,New_UI
1450,CusID_1661,New_UI
1451,CusID_8026,New_UI
1452,CusID_3426,New_UI
1453,CusID_9570,New_UI
1454,CusID_3768,New_UI
1455,CusID_4371,New_UI
1456,CusID_7764,New_UI
1457,CusID_9025,New_UI
1458,CusID_6084,New_UI
1459,CusID_7135,New_UI
1460,CusID_4602,New_UI
1461,CusID_1515,Old_UI
1462,CusID_14,New_UI
1463,CusID_1377,New_UI
1464,CusID_1546,New_UI
1465,CusID_916,New_UI
1466,CusID_9022,New_UI
1467,CusID_4101,New_UI
1468,CusID_3165,New_UI
1469,CusID_1958,New_UI
1470,CusID_8502,New_UI
1471,CusID_1380,New_UI
1472,CusID_2019,New_UI
1473,CusID_548,Old_UI
1474,CusID_9361,New_UI
1475,CusID_8129,New_UI
1476,CusID_7606,New_UI
1477,CusID_3962,New_UI
1478,CusID_378,Old_UI
1479,CusID_6613,New_UI
1480,CusID_60,Old_UI
1481,CusID_8224,New_UI
1482,CusID_2229,New_UI
1483,CusID_5437,New_UI
1484,CusID_6624,New_UI
1485,CusID_6125,New_UI
1486,CusID_7721,New_UI
1487,CusID_606,New_UI
1488,CusID_9107,New_UI
1489,CusID_2896,New_UI
1490,CusID_8483,New_UI
1491,CusID_2520,New_UI
1492,CusID_8086,New_UI
1493,CusID_9640,New_UI
1494,CusID_6712,New_UI
1495,CusID_1982,New_UI
1496,CusID_1975,New_UI
1497,CusID_8501,New_UI
1499,CusID_6541,New_UI
1500,CusID_4300,New_UI
1501,CusID_6249,New_UI
1502,CusID_9601,New_UI
1503,CusID_6699,New_UI
1504,CusID_5815,New_UI
1505,CusID_9960,New_UI
1506,CusID_6749,New_UI
1507,CusID_416,New_UI
1508,CusID_7740,New_UI
1509,CusID_42,New_UI
1510,CusID_9734,New_UI
1512,CusID_6535,New_UI
1513,CusID_4176,New_UI
1514,CusID_684,New_UI
1515,CusID_8910,New_UI
1516,CusID_6299,New_UI
1517,CusID_2007,New_UI
1518,CusID_4158,New_UI
1519,CusID_6145,New_UI
1520,CusID_1963,New_UI
1521,CusID_945,New_UI
1522,CusID_4568,New_UI
1523,CusID_5894,New_UI
1524,CusID_1557,New_UI
1525,CusID_2571,New_UI
1526,CusID_9589,New_UI
1527,CusID_626,New_UI
1528,CusID_481,New_UI
1529,CusID_8547,New_UI
1530,CusID_1835,New_UI
1531,CusID_6001,New_UI
1532,CusID_6275,New_UI
1534,CusID_2041,New_UI
1535,CusID_6113,New_UI
1536,CusID_4275,New_UI
1538,CusID_8125,New_UI
1539,CusID_9874,New_UI
1540,CusID_4026,New_UI
1541,CusID_7855,New_UI
1542,CusID_4977,New_UI
1543,CusID_1871,New_UI
1545,CusID_3545,New_UI
1546,CusID_9946,New_UI
1547,CusID_2457,New_UI
1548,CusID_1684,New_UI
1549,CusID_1860,New_UI
1550,CusID_7212,New_UI
1551,CusID_3621,New_UI
1552,CusID_8838,New_UI
1553,CusID_1805,New_UI
1554,CusID_5233,New_UI
1555,CusID_2363,New_UI
1556,CusID_1402,New_UI
1557,CusID_9932,New_UI
1558,CusID_6450,New_UI
1559,CusID_7026,New_UI
1560,CusID_9351,New_UI
1561,CusID_220,New_UI
1562,CusID_5583,New_UI
1563,CusID_5247,New_UI
1564,CusID_8410,New_UI
1565,CusID_5179,New_UI
1566,CusID_3290,New_UI
1567,CusID_3413,New_UI
1568,CusID_8351,New_UI
1569,CusID_5123,New_UI
1570,CusID_8131,New_UI
1571,CusID_7064,New_UI
1572,CusID_7053,New_UI
1573,CusID_727,New_UI
1574,CusID_1246,Old_UI
1575,CusID_1882,New_UI
1576,CusID_648,New_UI
1577,CusID_4998,New_UI
1578,CusID_528,New_UI
1579,CusID_8235,New_UI
1580,CusID_9846,New_UI
1581,CusID_8893,New_UI
1582,CusID_6357,New_UI
1583,CusID_7851,New_UI
1584,CusID_1233,New_UI
1585,CusID_5180,New_UI
1586,CusID_91,Old_UI
1587,CusID_501,New_UI
1588,CusID_3065,Old_UI
1589,CusID_9592,New_UI
1590,CusID_4902,New_UI
1591,CusID_2607,New_UI
1592,CusID_6453,New_UI
1593,CusID_1056,New_UI
1594,CusID_95,Old_UI
1595,CusID_1861,New_UI
1596,CusID_8569,New_UI
1597,CusID_4483,New_UI
1598,CusID_2247,New_UI
1599,CusID_2888,New_UI
1600,CusID_8316,New_UI
1601,CusID_5447,New_UI
1602,CusID_281,Old_UI
1603,CusID_7755,New_UI
1604,CusID_3992,New_UI
1605,CusID_1242,New_UI
1606,CusID_2514,New_UI
1607,CusID_1719,New_UI
1608,CusID_6260,New_UI
1609,CusID_6247,New_UI
1610,CusID_8599,New_UI
1611,CusID_1825,New_UI
1612,CusID_1703,New_UI
1613,CusID_9140,New_UI
1614,CusID_7960,New_UI
1615,CusID_4479,New_UI
1616,CusID_7263,New_UI
1617,CusID_2593,New_UI
1618,CusID_3935,New_UI
1619,CusID_309,Old_UI
1620,CusID_6654,New_UI
1621,CusID_7253,New_UI
1622,CusID_4754,New_UI
1623,CusID_5662,New_UI
1624,CusID_5877,New_UI
1625,CusID_8522,New_UI
1626,CusID_8611,New_UI
1627,CusID_144,New_UI
1628,CusID_1668,New_UI
1629,CusID_7720,New_UI
1630,CusID_8274,New_UI
1631,CusID_8420,New_UI
1632,CusID_766,New_UI
1633,CusID_5698,New_UI
1634,CusID_9590,New_UI
1635,CusID_8300,New_UI
1636,CusID_5596,New_UI
1637,CusID_4762,New_UI
1638,CusID_4973,New_UI
1639,CusID_4748,New_UI
1640,CusID_519,Old_UI
1641,CusID_5299,New_UI
1642,CusID_6007,New_UI
1643,CusID_6954,New_UI
1644,CusID_7635,New_UI
1645,CusID_9859,New_UI
1646,CusID_5017,New_UI
1647,CusID_4812,New_UI
1649,CusID_3728,New_UI
1650,CusID_4272,New_UI
1651,CusID_7777,New_UI
1652,CusID_7384,New_UI
1653,CusID_2744,New_UI
1654,CusID_7901,New_UI
1655,CusID_1146,New_UI
1656,CusID_4569,New_UI
1657,CusID_9135,New_UI
1658,CusID_9050,New_UI
1659,CusID_1895,Old_UI
1660,CusID_5274,New_UI
1661,CusID_174,New_UI
1662,CusID_2948,New_UI
1663,CusID_6400,New_UI
1664,CusID_9595,New_UI
1665,CusID_5506,New_UI
1666,CusID_9516,New_UI
1667,CusID_5580,New_UI
1668,CusID_6799,New_UI
1669,CusID_3988,New_UI
1670,CusID_774,New_UI
1671,CusID_7220,New_UI
1672,CusID_9623,New_UI
1673,CusID_3976,New_UI
1674,CusID_4366,New_UI
1675,CusID_5795,New_UI
1676,CusID_2821,New_UI
1677,CusID_8156,New_UI
1678,CusID_7361,New_UI
1681,CusID_4845,New_UI
1682,CusID_196,New_UI
1683,CusID_6050,New_UI
1684,CusID_4656,New_UI
1685,CusID_3887,New_UI
1686,CusID_6850,New_UI
1687,CusID_4938,New_UI
1688,CusID_925,Old_UI
1689,CusID_8029,New_UI
1690,CusID_6925,New_UI
1691,CusID_5783,New_UI
1692,CusID_585,New_UI
1693,CusID_3394,New_UI
1694,CusID_9990,New_UI
1695,CusID_969,New_UI
1696,CusID_9885,New_UI
1697,CusID_624,New_UI
1698,CusID_3972,New_UI
1699,CusID_1894,New_UI
1700,CusID_6869,New_UI
1702,CusID_8675,New_UI
1703,CusID_1778,New_UI
1704,CusID_5070,New_UI
1705,CusID_9020,New_UI
1706,CusID_7656,New_UI
1707,CusID_6096,New_UI
1708,CusID_6270,New_UI
1709,CusID_2385,New_UI
1710,CusID_5749,New_UI
1711,CusID_6552,New_UI
1712,CusID_8540,New_UI
1713,CusID_3402,New_UI
1714,CusID_3703,New_UI
1715,CusID_9662,New_UI
1716,CusID_782,New_UI
1717,CusID_8791,New_UI
1718,CusID_9944,New_UI
1719,CusID_1043,New_UI
1720,CusID_7785,New_UI
1721,CusID_3055,New_UI
1722,CusID_8769,New_UI
1723,CusID_8702,New_UI
1724,CusID_5735,New_UI
1726,CusID_3996,New_UI
1728,CusID_6224,New_UI
1729,CusID_1355,New_UI
1730,CusID_1231,New_UI
1731,CusID_843,New_UI
1732,CusID_5714,New_UI
1733,CusID_8313,New_UI
1734,CusID_8510,New_UI
1735,CusID_1550,New_UI
1736,CusID_8587,New_UI
1737,CusID_2577,New_UI
1738,CusID_4592,New_UI
1739,CusID_7745,New_UI
1740,CusID_7136,New_UI
1741,CusID_5919,New_UI
1742,CusID_239,New_UI
1743,CusID_9170,New_UI
1745,CusID_9093,New_UI
1746,CusID_8566,New_UI
1747,CusID_5183,New_UI
1748,CusID_4298,New_UI
1749,CusID_4049,New_UI
1750,CusID_8455,New_UI
1751,CusID_8649,New_UI
1752,CusID_3409,New_UI
1753,CusID_3008,New_UI
1754,CusID_3615,New_UI
1755,CusID_6743,New_UI
1756,CusID_4196,New_UI
1757,CusID_785,New_UI
1758,CusID_3782,New_UI
1759,CusID_107,New_UI
1760,CusID_4624,New_UI
1761,CusID_314,Old_UI
1762,CusID_5535,New_UI
1763,CusID_1718,New_UI
1764,CusID_5045,New_UI
1765,CusID_5575,New_UI
1766,CusID_2177,New_UI
1767,CusID_9417,New_UI
1768,CusID_9496,New_UI
1769,CusID_8126,New_UI
1770,CusID_9524,New_UI
1771,CusID_2911,New_UI
1772,CusID_4987,New_UI
1773,CusID_9474,New_UI
1774,CusID_4449,New_UI
1776,CusID_5657,New_UI
1777,CusID_500,New_UI
1778,CusID_6017,New_UI
1779,CusID_4223,New_UI
1780,CusID_2684,New_UI
1781,CusID_7294,New_UI
1782,CusID_997,Old_UI
1783,CusID_1540,New_UI
1784,CusID_8407,New_UI
1785,CusID_4222,New_UI
1786,CusID_6137,New_UI
1787,CusID_7673,New_UI
1788,CusID_1107,New_UI
1789,CusID_7879,New_UI
1790,CusID_6089,New_UI
1791,CusID_1362,New_UI
1792,CusID_8754,New_UI
1793,CusID_6330,New_UI
1794,CusID_127,Old_UI
1796,CusID_1688,New_UI
1797,CusID_5430,New_UI
1798,CusID_6287,New_UI
1799,CusID_2912,New_UI
1801,CusID_7172,New_UI
1802,CusID_3932,New_UI
1803,CusID_5121,New_UI
1804,CusID_5640,New_UI
1805,CusID_6256,New_UI
1806,CusID_6418,New_UI
1807,CusID_6621,New_UI
1808,CusID_532,New_UI
1809,CusID_2174,New_UI
1810,CusID_8788,New_UI
1811,CusID_3083,New_UI
1812,CusID_37,New_UI
1813,CusID_3641,New_UI
1814,CusID_2767,New_UI
1815,CusID_5219,New_UI
1816,CusID_4294,New_UI
1817,CusID_854,Old_UI
1818,CusID_6341,New_UI
1819,CusID_8178,New_UI
1820,CusID_806,New_UI
1821,CusID_7375,New_UI
1822,CusID_7366,New_UI
1823,CusID_7648,New_UI
1824,CusID_846,New_UI
1825,CusID_4216,New_UI
1826,CusID_9134,New_UI
1827,CusID_7715,New_UI
1828,CusID_8974,New_UI
1829,CusID_6614,New_UI
1830,CusID_4262,New_UI
1831,CusID_323,New_UI
1832,CusID_4173,New_UI
1833,CusID_8443,New_UI
1834,CusID_9423,New_UI
1835,CusID_4924,New_UI
1836,CusID_2813,New_UI
1837,CusID_2237,New_UI
1838,CusID_2411,New_UI
1839,CusID_884,New_UI
1840,CusID_4834,New_UI
1841,CusID_6283,New_UI
1842,CusID_2880,New_UI
1843,CusID_4627,New_UI
1844,CusID_6215,New_UI
1845,CusID_2254,New_UI
1846,CusID_977,New_UI
1847,CusID_148,New_UI
1848,CusID_4876,New_UI
1849,CusID_5091,New_UI
